SYMBOL,TRADABLE
20MICRONS,True
21STCENMGM,True
360ONE,True
3BBLACKBIO,True
3IINFOLTD,True
3MINDIA,True
3PLAND,True
5PAISA,True
63MOONS,True
AAATECH,True
AADHARHFC,True
AARNAV,True
AARON,True
AARTECH,True
AARTIDRUGS,True
AARTIIND,True
AARTIPHARM,True
AARTISURF,True
AARVI,True
AAVAS,True
ABANSENT,True
ABB,True
ABBOTINDIA,True
ABCAPITAL,True
ABCOTS,True
ABDL,True
ABFRL,True
ABINFRA,True
ABLBL,True
ABMKNO,True
ABREL,True
ABSL10BANK,True
ABSLAMC,True
ABSLMSCIN,True
ABSLNN50ET,True
ABSLPSE,True
ACC,True
ACCELYA,True
ACE,True
ACEINTEG,True
ACI,True
ACL,True
ACMESOLAR,True
ACSTECH,True
ACUTAAS,True
ADANIENSOL,True
ADANIENT,True
ADANIGREEN,True
ADANIPORTS,True
ADANIPOWER,True
ADFFOODS,True
ADL,True
ADOR,True
ADROITINFO,True
ADSL,True
ADVAIT,True
ADVANCE,True
ADVANIHOTR,True
ADVENTHTL,True
ADVENZYMES,True
AEGISLOG,True
AEGISVOPAK,True
AEQUS,True
AEROENTER,True
AEROFLEX,True
AERONEU,True
AETHER,True
AFCONS,True
AFFLE,True
AFSL,True
AGARIND,True
AGARWALEYE,True
AGI,True
AGIIL,True
AGRITECH,True
AGROPHOS,True
AHCL,True
AHLADA,True
AHLEAST,True
AHLUCONT,True
AIAENG,True
AIIL,True
AIRAN,True
AIROLAM,True
AJANTPHARM,True
AJAXENGG,True
AJMERA,True
AJOONI,True
AKASH,True
AKCAPIT,True
AKG,True
AKI,True
AKSHAR,True
AKSHARCHEM,True
AKUMS,True
ALANKIT,True
ALBERTDAVD,True
ALEMBICLTD,True
ALGOQUANT,True
ALICON,True
ALIVUS,True
ALKALI,True
ALKEM,True
ALKYLAMINE,True
ALLCARGO,True
ALLDIGI,True
ALLTIME,True
ALMONDZ,True
ALOKINDS,True
ALPA,True
ALPHA,True
ALPHAGEO,True
AMAGI,True
AMANTA,True
AMBALALSA,True
AMBER,True
AMBICAAGAR,True
AMBIKCO,True
AMBUJACEM,True
AMDIND,True
AMIRCHAND,True
AMJLAND,True
AMNPLST,True
AMRUTANJAN,True
ANANDRATHI,True
ANANTRAJ,True
ANDHRAPAP,True
ANDHRSUGAR,True
ANGELONE,True
ANMOL,True
ANTELOPUS,True
ANTGRAPHIC,True
ANTHEM,True
ANUHPHR,True
ANUP,True
ANURAS,True
AONETMMQ50,True
AONETOTAL,True
APARINDS,True
APCL,True
APCOTEXIND,True
APEX,True
APLAPOLLO,True
APLLTD,True
APOLLO,True
APOLLOHOSP,True
APOLLOPIPE,True
APOLLOTYRE,True
APOLSINHOT,True
APTECHT,True
APTUS,True
AQYLON,True
ARCHIDPLY,True
ARCHIES,True
ARE&M,True
ARENTERP,True
ARFIN,True
ARIES,True
ARIHANT,True
ARIHANTCAP,True
ARIHANTSUP,True
ARIS,True
ARKADE,True
ARMANFIN,True
AROGRANITE,True
ARROWGREEN,True
ARSSBL,True
ARTEMISMED,True
ARVEE,True
ARVIND,True
ARVINDFASN,True
ARVSMART,True
ASAHIINDIA,True
ASAHISONG,True
ASAL,True
ASALCBR,True
ASHAPURMIN,True
ASHIANA,True
ASHIKA,True
ASHIMASYN,True
ASHOKA,True
ASHOKAMET,True
ASHOKLEY,True
ASIANENE,True
ASIANHOTNR,True
ASIANPAINT,True
ASIANTILES,True
ASKAUTOLTD,True
ASMS,True
ASPINWALL,True
ASTAR,True
ASTEC,True
ASTERDM,True
ASTRAL,True
ASTRAMICRO,True
ASTRAZEN,True
ATALREAL,True
ATAM,True
ATGL,True
ATHERENERG,True
ATL,True
ATLANTAA,True
ATLASCYCLE,True
ATUL,True
ATULAUTO,True
AUBANK,True
AURIGROW,True
AURIONPRO,True
AUROPHARMA,True
AURUM,True
AUSOMENT,True
AUTOAXLES,True
AUTOBEES,True
AUTOIND,True
AVAILFC,True
AVALON,True
AVANTEL,True
AVANTIFEED,True
AVG,True
AVL,True
AVONMORE,True
AVROIND,True
AVTNPL,True
AWFIS,True
AWHCL,True
AWL,True
AXISBANK,True
AXISCADES,True
AXISVALUE,True
AXITA,True
AXSENSEX,True
AYE,True
AYMSYNTEX,True
AZAD,True
BAGFILMS,True
BAIDFIN,True
BAJAJ-AUTO,True
BAJAJCON,True
BAJAJELEC,True
BAJAJFINSV,True
BAJAJHCARE,True
BAJAJHFL,True
BAJAJHIND,True
BAJAJHLDNG,True
BAJAJINDEF,True
BAJAJST,True
BAJEL,True
BAJFINANCE,True
BALAJEE,True
BALAJITELE,True
BALAMINES,True
BALKRISHNA,True
BALKRISIND,True
BALMLAWRIE,True
BALPHARMA,True
BALRAMCHIN,True
BALUFORGE,True
BANARBEADS,True
BANARISUG,True
BANCOINDIA,True
BANDHANBNK,True
BANG,True
BANK10ADD,True
BANKADD,True
BANKBARODA,True
BANKBEES,True
BANKBETA,True
BANKINDIA,True
BANKPSU,True
BANSALWIRE,True
BANSWRAS,True
BASF,True
BASML,True
BATAINDIA,True
BATLIBOI,True
BAYERCROP,True
BBL,True
BBOX,True
BBTC,True
BBTCL,True
BCLIND,True
BCONCEPTS,True
BCPL,True
BDL,True
BEARDSELL,True
BECTORFOOD,True
BEEKAY,True
BEL,True
BELLACASA,True
BELRISE,True
BEML,True
BENGALASM,True
BEPL,True
BERGEPAINT,True
BESTAGRO,True
BETA,True
BFINVEST,True
BFSI,True
BFUTILITIE,True
BHAGCHEM,True
BHAGERIA,True
BHANDARI,True
BHARATCOAL,True
BHARATFORG,True
BHARATGEAR,True
BHARATRAS,True
BHARATSE,True
BHARATWIRE,True
BHARTIARTL,True
BHARTIHEXA,True
BHEL,True
BI,True
BIGBLOC,True
BIKAJI,True
BIL,True
BIMETAL,True
BIOCON,True
BIOFILCHEM,True
BIRLACORPN,True
BIRLAMONEY,True
BIRLANU,True
BIRLAPREC,True
BLACKBUCK,True
BLACKROSE,True
BLAL,True
BLIL,True
BLISSGVS,True
BLKASHYAP,True
BLS,True
BLSE,True
BLUEDART,True
BLUEJET,True
BLUESTARCO,True
BLUESTONE,True
BLUSPRING,True
BMWVENTLTD,True
BNAGROCHEM,True
BNALTD,True
BODALCHEM,True
BOMDYEING,True
BONLON,True
BORANA,True
BOROLTD,True
BORORENEW,True
BOROSCI,True
BOSCH-HCIL,True
BOSCHLTD,True
BPCL,True
BPL,True
BRIGADE,True
BRIGHOTEL,True
BRITANNIA,True
BRNL,True
BSE,True
BSHSL,True
BSL,True
BSOFT,True
BTML,True
BTTL,True
BUILDPRO,True
BUTTERFLY,True
BVCL,True
CALSOFT,True
CAMLINFINE,True
CAMPUS,True
CAMS,True
CANBK,True
CANFINHOME,True
CANHLIFE,True
CANTABIL,True
CAPACITE,True
CAPILLARY,True
CAPITALSFB,True
CAPLIPOINT,True
CARBORUNIV,True
CARERATING,True
CARRARO,True
CARTRADE,True
CARYSIL,True
CASTROLIND,True
CCAVENUE,True
CCCL,True
CCHHL,True
CCL,True
CDSL,True
CEATLTD,True
CEIGALL,True
CEINSYS,True
CELEBRITY,True
CELLO,True
CEMPRO,True
CENTENKA,True
CENTEXT,True
CENTRALBK,True
CENTRUM,True
CENTUM,True
CENTURYPLY,True
CERA,True
CESC,True
CEWATER,True
CGCL,True
CGPOWER,True
CHALET,True
CHAMBLFERT,True
CHEMBOND,True
CHEMBONDCH,True
CHEMCON,True
CHEMFAB,True
CHEMICAL,True
CHEMPLASTS,True
CHENNPETRO,True
CHEVIOT,True
CHOICEIN,True
CHOLAFIN,True
CHOLAHLDNG,True
CIEINDIA,True
CIFL,True
CIGNITITEC,True
CINELINE,True
CINEVISTA,True
CIPLA,True
CLEAN,True
CLEANMAX,True
CLSEL,True
CMPDI,True
CMSINFO,True
CNL,True
COALINDIA,True
COASTCORP,True
COCHINSHIP,True
COCKERILL,True
COFFEEDAY,True
COFORGE,True
COHANCE,True
COLPAL,True
COMFINTE,True
COMPUSOFT,True
COMSYN,True
CONCOR,True
CONCORDBIO,True
CONFIPET,True
CONS,True
CONSUMBEES,True
CONSUMER,True
CONTROLPR,True
CORALFINAC,True
CORDSCABLE,True
COROMANDEL,True
CORONA,True
COSMOFIRST,True
COUNCODOS,True
CPCAP,True
CPEDU,True
CPPLUS,True
CRAFTSMAN,True
CRAMC,True
CREATIVEYE,True
CREDITACC,True
CREST,True
CRISIL,True
CRIZAC,True
CROMPTON,True
CROWN,True
CSBBANK,True
CSLFINANCE,True
CUB,True
CUBEXTUB,True
CUMMINSIND,True
CUPID,True
CYBERMEDIA,True
CYBERTECH,True
CYIENT,True
CYIENTDLM,True
DABUR,True
DAICHI,True
DALBHARAT,True
DALMIASUG,True
DAMCAPITAL,True
DAMODARIND,True
DANGEE,True
DATAMATICS,True
DATAPATTNS,True
DAVANGERE,True
DBCORP,True
DBEIL,True
DBL,True
DBREALTY,True
DBSTOCKBRO,True
DCAL,True
DCBBANK,True
DCM,True
DCMNVL,True
DCMSHRIRAM,True
DCMSRIND,True
DCW,True
DCXINDIA,True
DDEVPLSTIK,True
DECCANCE,True
DEEDEV,True
DEEPAKFERT,True
DEEPAKNTR,True
DEEPINDS,True
DEFENCE,True
DELHIVERY,True
DELPHIFX,True
DELTACORP,True
DELTAMAGNT,True
DEN,True
DENORA,True
DENTA,True
DEVIT,True
DEVX,True
DEVYANI,True
DGCONTENT,True
DHAMPURSUG,True
DHANBANK,True
DHANUKA,True
DHARMAJ,True
DHRUV,True
DHUNINV,True
DIACABS,True
DIAMINESQ,True
DIAMONDYD,True
DICIND,True
DIFFNKG,True
DIGIDRIVE,True
DIGITIDE,True
DIGJAMLMTD,True
DISAQ,True
DIVGIITTS,True
DIVIDEND,True
DIVISLAB,True
DIVOPPBEES,True
DIXON,True
DLF,True
DLINKINDIA,True
DMART,True
DMCC,True
DNAMEDIA,True
DODLA,True
DOLATALGO,True
DOLLAR,True
DOLPHIN,True
DOMS,True
DONEAR,True
DPABHUSHAN,True
DPSCLTD,True
DPWIRES,True
DRAGARWQ,True
DRCSYSTEMS,True
DREAMFOLKS,True
DREDGECORP,True
DRREDDY,True
DSFCL,True
DSSL,True
DTIL,True
DVL,True
DWARKESH,True
DYCL,True
DYNAMATECH,True
DYNPRO,True
EASEMYTRIP,True
EBGNG,True
ECAPINSURE,True
ECLERX,True
ECOSMOBLTY,True
EDELWEISS,True
EFCIL,True
EICHERMOT,True
EIDPARRY,True
EIEL,True
EIFFL,True
EIHAHOTELS,True
EIHOTEL,True
EIMCOELECO,True
EKC,True
ELANTAS,True
ELCIDIN,True
ELDEHSG,True
ELECON,True
ELECTCAST,True
ELECTHERM,True
ELGIEQUIP,True
ELGIRUBCO,True
ELIN,True
ELITECON,True
ELLEN,True
ELM250,True
ELPROINTL,True
EMAMILTD,True
EMAMIPAP,True
EMCURE,True
EMIL,True
EMKAY,True
EMMBI,True
EMMVEE,True
EMSLIMITED,True
EMUDHRA,True
EMULTIMQ,True
ENDURANCE,True
ENERGY,True
ENERGYDEV,True
ENGINERSIN,True
ENIL,True
ENRIN,True
ENTERO,True
EPACK,True
EPACKPEB,True
EPIGRAL,True
EPL,True
EQUAL200,True
EQUAL50,True
EQUAL50ADD,True
EQUITASBNK,True
ERIS,True
ESABINDIA,True
ESAFSFB,True
ESCORTS,True
ESENSEX,True
ESG,True
ESSARSHPNG,True
ESSENTIA,True
ESTER,True
ETERNAL,True
ETHOSLTD,True
EUREKAFORB,True
EUROBOND,True
EUROPRATIK,True
EUROTEXIND,True
EVEREADY,True
EVERESTIND,True
EVINDIA,True
EXCELINDUS,True
EXCELSOFT,True
EXICOM,True
EXIDEIND,True
EXPLEOSOL,True
EXXARO,True
FABTECH,True
FACT,True
FAIRCHEMOR,True
FCL,True
FDC,True
FEDDERSHOL,True
FEDERALBNK,True
FEDFINA,True
FERMENTA,True
FIEMIND,True
FILATEX,True
FINCABLES,True
FINEORG,True
FINKURVE,True
FINOPB,True
FINPIPE,True
FIRSTCRY,True
FISCHER,True
FIVESTAR,True
FLAIR,True
FLEXIADD,True
FLEXITUFF,True
FLUOROCHEM,True
FMGOETZE,True
FMNL,True
FOCUS,True
FOODSIN,True
FORCEMOT,True
FORTIS,True
FOSECOIND,True
FRACTAL,True
FRONTSP,True
FSL,True
FUSION,True
GABRIEL,True
GAEL,True
GAIL,True
GALAPREC,True
GALAXYSURF,True
GALLANTT,True
GANDHAR,True
GANDHITUBE,True
GANECOS,True
GANESHBE,True
GANESHCP,True
GANESHHOU,True
GANGAFORGE,True
GANGESSECU,True
GARFIBRES,True
GARUDA,True
GATECH,True
GATECHDVR,True
GATEWAY,True
GAYAHWS,True
GCSL,True
GEECEE,True
GEEKAYWIRE,True
GENCON,True
GENESYS,True
GENUSPAPER,True
GENUSPOWER,True
GEOJITFSL,True
GESHIP,True
GFLLIMITED,True
GHCL,True
GHCLTEXTIL,True
GICHSGFIN,True
GICL,True
GICRE,True
GILLANDERS,True
GILLETTE,True
GINNIFILA,True
GIPCL,True
GKENERGY,True
GKSL,True
GKWLIMITED,True
GLAND,True
GLAXO,True
GLENMARK,True
GLOBAL,True
GLOBALVECT,True
GLOBE,True
GLOBUSSPR,True
GLOSTERLTD,True
GLOTTIS,True
GMBREW,True
GMDCLTD,True
GMMPFAUDLR,True
GMRAIRPORT,True
GMRP&UI,True
GNA,True
GNFC,True
GNRL,True
GOACARBON,True
GOCLCORP,True
GOCOLORS,True
GODAVARIB,True
GODFRYPHLP,True
GODIGIT,True
GODREJAGRO,True
GODREJCP,True
GODREJIND,True
GODREJPROP,True
GOKEX,True
GOKUL,True
GOKULAGRO,True
GOODLUCK,True
GOODYEAR,True
GOPAL,True
GOYALALUM,True
GPIL,True
GPPL,True
GPTHEALTH,True
GPTINFRA,True
GRANDOAK,True
GRANULES,True
GRAPHITE,True
GRASIM,True
GRAUWEIL,True
GRAVISSHO,True
GRAVITA,True
GREAVESCOT,True
GREENLAM,True
GREENPANEL,True
GREENPLY,True
GREENPOWER,True
GRINDWELL,True
GRINFRA,True
GRMOVER,True
GROBTEA,True
GROWW,True
GROWWCAPM,True
GROWWCHEM,True
GROWWDEFNC,True
GROWWEV,True
GROWWHOSPI,True
GROWWLOVOL,True
GROWWMC150,True
GROWWMETAL,True
GROWWMOM50,True
GROWWN200,True
GROWWNET,True
GROWWNXT50,True
GROWWPOWER,True
GROWWPSE,True
GROWWPSUBK,True
GROWWRAIL,True
GROWWRLTY,True
GROWWSC250,True
GROWWSLVR,True
GRPLTD,True
GRSE,True
GRWRHITECH,True
GSFC,True
GSLSU,True
GSPCROP,True
GSPL,True
GTECJAINX,True
GTLINFRA,True
GTPL,True
GUFICBIO,True
GUJALKALI,True
GUJAPOLLO,True
GUJGASLTD,True
GUJRAFFIA,True
GUJTHEM,True
GULFOILLUB,True
GULFPETRO,True
GULPOLY,True
GVPTECH,True
GVT&D,True
HAL,True
HALDER,True
HALDYNGL,True
HALEOSLABS,True
HAPPSTMNDS,True
HAPPYFORGE,True
HARDWYN,True
HARIOMPIPE,True
HARRMALAYA,True
HARSHA,True
HATHWAY,True
HATSUN,True
HAVELLS,True
HAWKINCOOK,True
HBESD,True
HBLENGINE,True
HCC,True
HCG,True
HCL-INSYS,True
HCLTECH,True
HDBFS,True
HDFCAMC,True
HDFCBANK,True
HDFCBSE500,True
HDFCGROWTH,True
HDFCLIFE,True
HDFCLOWVOL,True
HDFCMID150,True
HDFCMOMENT,True
HDFCNEXT50,True
HDFCNIF100,True
HDFCNIFBAN,True
HDFCNIFIT,True
HDFCPSUBK,True
HDFCPVTBAN,True
HDFCQUAL,True
HDFCSENSEX,True
HDFCSML250,True
HDFCVALUE,True
HEADSUP,True
HEALTHADD,True
HEALTHCARE,True
HEALTHX,True
HEALTHY,True
HECPROJECT,True
HEG,True
HEIDELBERG,True
HEMIPROP,True
HERANBA,True
HERITGFOOD,True
HEROMOTOCO,True
HESTERBIO,True
HEXATRADEX,True
HEXT,True
HFCL,True
HGINFRA,True
HGM,True
HGS,True
HIKAL,True
HILTON,True
HIMATSEIDE,True
HINDALCO,True
HINDCOMPOS,True
HINDCOPPER,True
HINDOILEXP,True
HINDPETRO,True
HINDUNILVR,True
HINDWAREAP,True
HINDZINC,True
HIRECT,True
HISARMETAL,True
HITECH,True
HITECHCORP,True
HLEGLAS,True
HLVLTD,True
HMAAGRO,True
HMVL,True
HNDFDS,True
HNGSNGBEES,True
HOMEFIRST,True
HONASA,True
HONAUT,True
HONDAPOWER,True
HPAL,True
HPIL,True
HPL,True
HSCL,True
HTMEDIA,True
HUBTOWN,True
HUDCO,True
HUHTAMAKI,True
HYBRIDFIN,True
HYUNDAI,True
IBULLSLTD,True
ICEMAKE,True
ICICIAMC,True
ICICIB22,True
ICICIBANK,True
ICICIGI,True
ICICIPRULI,True
ICIL,True
ICRA,True
IDBI,True
IDEA,True
IDEAFORGE,True
IDFCFIRSTB,True
IEX,True
IFBAGRO,True
IFBIND,True
IFCI,True
IFGLEXPOR,True
IGARASHI,True
IGCL,True
IGIL,True
IGL,True
IGPL,True
IIFL,True
IIFLCAPS,True
IITL,True
IKIO,True
IKS,True
IMAGICAA,True
IMFA,True
IMPAL,True
INA,True
INCREDIBLE,True
INDBANK,True
INDGN,True
INDHOTEL,True
INDIACEM,True
INDIAGLYCO,True
INDIAMART,True
INDIANB,True
INDIANCARD,True
INDIANHUME,True
INDIASHLTR,True
INDIGO,True
INDIGOPNTS,True
INDIQUBE,True
INDNIPPON,True
INDOAMIN,True
INDOBORAX,True
INDOCO,True
INDOFARM,True
INDORAMA,True
INDOSTAR,True
INDOTECH,True
INDOTHAI,True
INDOUS,True
INDOWIND,True
INDPRUD,True
INDRAMEDCO,True
INDSWFTLAB,True
INDTERRAIN,True
INDUSINDBK,True
INDUSTOWER,True
INFOBEAN,True
INFOMEDIA,True
INFRA,True
INFRABEES,True
INFY,True
INGERRAND,True
INNOVACAP,True
INNOVANA,True
INNOVISION,True
INOXGREEN,True
INOXINDIA,True
INOXWIND,True
INSECTICID,True
INTELLECT,True
INTENTECH,True
INTERARCH,True
INTERNET,True
INTLCONV,True
INVENTURE,True
INVPRECQ,True
IOB,True
IOC,True
IOLCP,True
IONEXCHANG,True
IPCALAB,True
IPL,True
IRB,True
IRCON,True
IRCTC,True
IREDA,True
IRFC,True
IRIS,True
IRISDOREME,True
IRMENERGY,True
ISFT,True
ISGEC,True
ISHANCH,True
IT,True
ITADD,True
ITBEES,True
ITBETA,True
ITC,True
ITCHOTELS,True
ITDC,True
ITI,True
IVALUE,True
IVC,True
IVP,True
IWP,True
IXIGO,True
J&KBANK,True
JAGRAN,True
JAGSNPHARM,True
JAIBALAJI,True
JAICORPLTD,True
JAINREC,True
JAIPURKURT,True
JAMNAAUTO,True
JARO,True
JASH,True
JAYAGROGN,True
JAYBARMARU,True
JAYKAY,True
JAYNECOIND,True
JAYSREETEA,True
JBCHEPHARM,True
JBMA,True
JGCHEM,True
JINDALPHOT,True
JINDALPOLY,True
JINDALSAW,True
JINDALSTEL,True
JINDRILL,True
JINDWORLD,True
JIOFIN,True
JISLDVREQS,True
JISLJALEQS,True
JKCEMENT,True
JKIL,True
JKLAKSHMI,True
JKPAPER,True
JKTYRE,True
JLHL,True
JMA,True
JMFINANCIL,True
JNKINDIA,True
JOCIL,True
JPOLYINVST,True
JPPOWER,True
JSFB,True
JSL,True
JSLL,True
JSWCEMENT,True
JSWDULUX,True
JSWENERGY,True
JSWHL,True
JSWINFRA,True
JSWSTEEL,True
JTEKTINDIA,True
JTLIND,True
JUBLCPL,True
JUBLFOOD,True
JUBLINGREA,True
JUBLPHARMA,True
JUNIORBEES,True
JUNIPER,True
JUSTDIAL,True
JWL,True
JYOTHYLAB,True
JYOTICNC,True
JYOTISTRUC,True
KABRAEXTRU,True
KAJARIACER,True
KALAMANDIR,True
KALPATARU,True
KALYANIFRG,True
KALYANKJIL,True
KAMAHOLD,True
KAMATHOTEL,True
KAMDHENU,True
KANANIIND,True
KANORICHEM,True
KANPRPLA,True
KANSAINER,True
KAPSTON,True
KARMAENG,True
KARURVYSYA,True
KAUSHALYA,True
KAYA,True
KAYNES,True
KCP,True
KCPSUGIND,True
KDDL,True
KEC,True
KEEPLEARN,True
KEI,True
KELLTONTEC,True
KENNAMET,True
KERNEX,True
KESORAMIND,True
KEYFINSERV,True
KFINTECH,True
KHADIM,True
KHANDSE,True
KICL,True
KILITCH,True
KIMS,True
KINGFA,True
KIOCL,True
KIRANVYPAR,True
KIRIINDUS,True
KIRLFER,True
KIRLOSBROS,True
KIRLOSENG,True
KIRLOSIND,True
KIRLPNU,True
KITEX,True
KKCL,True
KLBRENG-B,True
KMEW,True
KMSUGAR,True
KNAGRI,True
KNRCON,True
KOHINOOR,True
KOKUYOCMLN,True
KOLTEPATIL,True
KOPRAN,True
KOTAKBANK,True
KOTARISUG,True
KOTHARIPET,True
KOTHARIPRO,True
KOTIC,True
KOTYARK,True
KOVAI,True
KPEL,True
KPIGREEN,True
KPIL,True
KPITTECH,True
KPL,True
KPRMILL,True
KRBL,True
KRIDHANINF,True
KRISHANA,True
KRISHIVAL,True
KRISHNADEF,True
KRITI,True
KRITIKA,True
KRN,True
KRONOX,True
KROSS,True
KRSNAA,True
KRYSTAL,True
KSB,True
KSCL,True
KSHINTL,True
KSL,True
KSOLVES,True
KTKBANK,True
KUANTUM,True
KWIL,True
LAGNAM,True
LAHOTIOV,True
LAL,True
LALPATHLAB,True
LAMBODHARA,True
LANDMARK,True
LANDSMILL,True
LAOPALA,True
LATENTVIEW,True
LATTEYS,True
LAURUSLABS,True
LAXMIDENTL,True
LAXMIINDIA,True
LEMERITE,True
LEMONTREE,True
LENSKART,True
LFIC,True
LGBBROSLTD,True
LGEINDIA,True
LGHL,True
LIBAS,True
LIBERTSHOE,True
LICHSGFIN,True
LICI,True
LICNFNHGP,True
LICNMID100,True
LINC,True
LINCOLN,True
LINDEINDIA,True
LLOYDSENGG,True
LLOYDSENT,True
LLOYDSME,True
LMW,True
LODHA,True
LORDSCHLO,True
LOTUSDEV,True
LOTUSEYE,True
LOVABLE,True
LOWVOL,True
LOWVOL1,True
LT,True
LTF,True
LTFOODS,True
LTM,True
LTTS,True
LUMAXIND,True
LUMAXTECH,True
LUPIN,True
LUXIND,True
LXCHEM,True
LYPSAGEMS,True
M&M,True
M&MFIN,True
MAANALU,True
MACPOWER,True
MADHAV,True
MADHAVIPL,True
MADRASFERT,True
MAFANG,True
MAFATIND,True
MAGADSUGAR,True
MAHABANK,True
MAHAPEXLTD,True
MAHEPC,True
MAHESHWARI,True
MAHKTECH,True
MAHLIFE,True
MAHLOG,True
MAHSCOOTER,True
MAHSEAMLES,True
MAITHANALL,True
MAJESAUT,True
MAKEINDIA,True
MALLCOM,True
MALUPAPER,True
MAMATA,True
MANAKALUCO,True
MANAKCOAT,True
MANAKSIA,True
MANALIPETC,True
MANAPPURAM,True
MANBA,True
MANCREDIT,True
MANGLMCEM,True
MANINDS,True
MANINFRA,True
MANKIND,True
MANOMAY,True
MANORAMA,True
MANORG,True
MANUFGBEES,True
MANUGRAPH,True
MANYAVAR,True
MAPMYINDIA,True
MARALOVER,True
MARATHON,True
MARICO,True
MARINE,True
MARKOLINES,True
MARKSANS,True
MARSONS,True
MARUTI,True
MASFIN,True
MASPTOP50,True
MASTEK,True
MASTERTR,True
MATRIMONY,True
MAWANASUG,True
MAXESTATES,True
MAXHEALTH,True
MAXIND,True
MAYURUNIQ,True
MAZDA,True
MAZDOCK,True
MBAPL,True
MBEL,True
MCCHRLS-B,True
MCLOUD,True
MCX,True
MEDANTA,True
MEDIASSIST,True
MEDICAMEQ,True
MEDICO,True
MEDPLUS,True
MEESHO,True
MEGASTAR,True
MENNPIS,True
MENONBE,True
MERCANTILE,True
METAL,True
METROBRAND,True
METROGLOBL,True
METROPOLIS,True
MFML,True
MFSL,True
MGEL,True
MGL,True
MHLXMIRU,True
MHRIL,True
MICEL,True
MID150,True
MID150BEES,True
MID150CASE,True
MIDCAP,True
MIDCAPADD,True
MIDCAPBETA,True
MIDHANI,True
MIDQ50ADD,True
MIDSMALL,True
MIDWESTLTD,True
MINDACORP,True
MINDTECK,True
MIRCELECTR,True
MIRZAINT,True
MITCON,True
MITTAL,True
MKPL,True
MMFL,True
MMP,True
MMTC,True
MMWL,True
MNC,True
MOALPHA50,True
MOBANK10,True
MOBIKWIK,True
MOCAPITAL,True
MODEFENCE,True
MODINATUR,True
MODIRUBBER,True
MODIS,True
MODISONLTD,True
MODTHREAD,True
MOENERGY,True
MOHEALTH,True
MOHITIND,True
MOIL,True
MOINFRA,True
MOIPO,True
MOKSH,True
MOL,True
MOLDTECH,True
MOLDTKPAC,True
MOLOWVOL,True
MOM100,True
MOM50,True
MOMENTUM,True
MOMENTUM30,True
MOMENTUM50,True
MOMGF,True
MOMIDMTM,True
MOMNC,True
MOMOMENTUM,True
MON100,True
MON50EQUAL,True
MONARCH,True
MONEXT50,True
MONEYBOXX,True
MONQ50,True
MONTECARLO,True
MOPSE,True
MOQUALITY,True
MOREALTY,True
MOREPENLAB,True
MOSCHIP,True
MOSERVICE,True
MOSMALL250,True
MOTHERSON,True
MOTILALOFS,True
MOTISONS,True
MOTOGENFIN,True
MOTOUR,True
MOVALUE,True
MPHASIS,True
MPSLTD,True
MRF,True
MRPL,True
MSCIADD,True
MSCIINDIA,True
MSPL,True
MSTCLTD,True
MSUMI,True
MTARTECH,True
MTNL,True
MUFIN,True
MUFTI,True
MUKANDLTD,True
MUKKA,True
MUKTAARTS,True
MULTICAP,True
MUNJALAU,True
MUNJALSHOW,True
MURUDCERA,True
MUTHOOTCAP,True
MUTHOOTFIN,True
MUTHOOTMF,True
MVGJL,True
MWL,True
NACLIND,True
NAGREEKEXP,True
NAHARCAP,True
NAHARINDUS,True
NAHARPOLY,True
NAM-INDIA,True
NARMADA,True
NATCAPSUQ,True
NATCOPHARM,True
NATHBIOGEN,True
NATIONALUM,True
NATIONSTD,True
NAUKRI,True
NAVA,True
NAVINFLUOR,True
NAVKARCORP,True
NAVKARURB,True
NAVNETEDUL,True
NAZARA,True
NBCC,True
NBIFIN,True
NCC,True
NCLIND,True
NDGL,True
NDL,True
NDLVENTURE,True
NDRAUTO,True
NDTV,True
NECCLTD,True
NECLIFE,True
NELCAST,True
NELCO,True
NEOGEN,True
NEPHROPLUS,True
NESCO,True
NESTLEIND,True
NETWEB,True
NETWORK18,True
NEULANDLAB,True
NEWGEN,True
NEXT30ADD,True
NEXT50,True
NEXT50ADD,True
NEXT50BETA,True
NEXTMEDIA,True
NFL,True
NGIL,True
NGLFINE,True
NH,True
NHPC,True
NIACL,True
NIBE,True
NIBL,True
NIF100BEES,True
NIITLTD,True
NIITMTS,True
NILAINFRA,True
NILASPACES,True
NILE,True
NILKAMAL,True
NIMBSPROJ,True
NIPPOBATRY,True
NIRAJ,True
NIRLON,True
NITCO,True
NITINSPIN,True
NITIRAJ,True
NITTAGELA,True
NIVABUPA,True
NKIND,True
NLCINDIA,True
NMDC,True
NOCIL,True
NOIDATOLL,True
NORBTEAEXP,True
NORTHARC,True
NOVAAGRI,True
NOVARTIND,True
NPBET,True
NPST,True
NRAIL,True
NRBBEARING,True
NRL,True
NSIL,True
NSLNISP,True
NTPC,True
NTPCGREEN,True
NUCLEUS,True
NURECA,True
NUVAMA,True
NUVOCO,True
NV20,True
NV20BEES,True
NYKAA,True
OAL,True
OBCL,True
OBEROIRLTY,True
OCCLLTD,True
OFSS,True
OIL,True
OLAELEC,True
OLECTRA,True
OMAXAUTO,True
OMAXE,True
OMFREIGHT,True
OMINFRAL,True
OMNI,True
OMPOWER,True
ONELIFECAP,True
ONEPOINT,True
ONESOURCE,True
ONGC,True
ONMOBILE,True
ONWARDTEC,True
OPTIEMUS,True
ORBTEXP,True
ORCHASP,True
ORCHPHARMA,True
ORICONENT,True
ORIENTALTL,True
ORIENTBELL,True
ORIENTCEM,True
ORIENTCER,True
ORIENTELEC,True
ORIENTHOT,True
ORIENTLTD,True
ORIENTPPR,True
ORIENTTECH,True
ORISSAMINE,True
ORKLAINDIA,True
OSIAHYPER,True
OSWALGREEN,True
OSWALPUMPS,True
OSWALSEEDS,True
PACEDIGITK,True
PAGEIND,True
PAISALO,True
PAKKA,True
PALASHSECU,True
PANACEABIO,True
PANAMAPET,True
PANSARI,True
PAR,True
PARACABLES,True
PARADEEP,True
PARAGMILK,True
PARAS,True
PARKHOSPS,True
PARKHOTELS,True
PASHUPATI,True
PASUPTAC,True
PATANJALI,True
PATELENG,True
PATELRMART,True
PATINTLOG,True
PAUSHAKLTD,True
PAYTM,True
PCBL,True
PCJEWELLER,True
PDMJEPAPER,True
PDSL,True
PENIND,True
PERSISTENT,True
PETRONET,True
PFC,True
PFIZER,True
PFOCUS,True
PFS,True
PGEL,True
PGHH,True
PGHL,True
PGIL,True
PHARMABEES,True
PHOENIXLTD,True
PICCADIL,True
PIDILITIND,True
PIGL,True
PIIND,True
PILANIINVS,True
PILITA,True
PINELABS,True
PIONEEREMB,True
PIONRINV,True
PIRAMALFIN,True
PITTIENG,True
PIXTRANS,True
PKTEA,True
PLASTIBLEN,True
PLATIND,True
PLAZACABLE,True
PML,True
PNB,True
PNBHOUSING,True
PNCINFRA,True
PNGJL,True
PNGSREVA,True
POCL,True
PODDARMENT,True
POKARNA,True
POLICYBZR,True
POLYCAB,True
POLYMED,True
POLYPLEX,True
PONNIERODE,True
POONAWALLA,True
POWERGRID,True
POWERICA,True
POWERINDIA,True
POWERMECH,True
PPAP,True
PPL,True
PPLPHARMA,True
PRABHA,True
PRADPME,True
PRAENG,True
PRAJIND,True
PRAKASH,True
PRAKASHSTL,True
PRAVEG,True
PRECAM,True
PRECWIRE,True
PREMCO,True
PREMEXPLN,True
PREMIERENE,True
PRESTIGE,True
PRICOLLTD,True
PRIMESECU,True
PRIMO,True
PRINCEPIPE,True
PRITIKAUTO,True
PRIVISCL,True
PROSTARM,True
PROTEAN,True
PROZONER,True
PRSMJOHNSN,True
PRUDENT,True
PRUDMOULI,True
PSB,True
PSPPROJECT,True
PSUBANK,True
PSUBANKADD,True
PSUBNKBEES,True
PTC,True
PTCIL,True
PTL,True
PUNJABCHEM,True
PURVA,True
PVP,True
PVRINOX,True
PVSL,True
PVTBANKADD,True
PWL,True
PYRAMID,True
QPOWER,True
QUADFUTURE,True
QUALITY30,True
QUESS,True
QUICKHEAL,True
QUINT,True
RACLGEAR,True
RADAAN,True
RADHIKAJWE,True
RADIANTCMS,True
RADICO,True
RAILTEL,True
RAIN,True
RAINBOW,True
RAJOOENG,True
RAJPALAYAM,True
RAJRATAN,True
RAJSREESUG,True
RAJTV,True
RALLIS,True
RAMANEWS,True
RAMAPHO,True
RAMASTEEL,True
RAMCOCEM,True
RAMCOIND,True
RAMCOSYS,True
RAMKY,True
RAMRAT,True
RANASUG,True
RANEHOLDIN,True
RATEGAIN,True
RATNAMANI,True
RATNAVEER,True
RAYMOND,True
RAYMONDLSL,True
RAYMONDREL,True
RBA,True
RBLBANK,True
RBZJEWEL,True
RCF,True
RECLTD,True
REDINGTON,True
REDTAPE,True
REFEX,True
REGAAL,True
REGENCERAM,True
RELAXO,True
RELCHEMQ,True
RELIABLE,True
RELIANCE,True
RELIGARE,True
RELTD,True
REMSONSIND,True
RENUKA,True
REPCOHOME,True
REPRO,True
RESPONIND,True
RETAIL,True
RGL,True
RHETAN,True
RHIM,True
RHL,True
RICOAUTO,True
RIIL,True
RISHABH,True
RITCO,True
RITES,True
RKDL,True
RKEC,True
RKFORGE,True
RKSWAMY,True
RMDRIP,True
RML,True
ROHLTD,True
ROLEXRINGS,True
ROLLT,True
ROML,True
ROSSARI,True
ROSSELLIND,True
ROSSTECH,True
ROTO,True
ROUTE,True
RPEL,True
RPGLIFE,True
RPOWER,True
RPPINFRA,True
RPPL,True
RPSGVENT,True
RPTECH,True
RRIL,True
RRKABEL,True
RSDFIN,True
RSL,True
RSWM,True
RSYSTEMS,True
RTNINDIA,True
RTNPOWER,True
RUBFILA,True
RUBICON,True
RUBYMILLS,True
RUCHINFRA,True
RUCHIRA,True
RUPA,True
RUSHIL,True
RUSTOMJEE,True
RVHL,True
RVNL,True
RVTH,True
SAATVIKGL,True
SADBHIN,True
SAFARI,True
SAGARDEEP,True
SAGCEM,True
SAGILITY,True
SAHLIBHFI,True
SAHYADRI,True
SAIL,True
SAILIFE,True
SAIPARENT,True
SAKAR,True
SAKHTISUG,True
SAKSOFT,True
SALASAR,True
SALONA,True
SALZERELEC,True
SAMBHV,True
SAMHI,True
SAMMAANCAP,True
SAMPANN,True
SANATHAN,True
SANDESH,True
SANDHAR,True
SANDUMA,True
SANGAMIND,True
SANGHVIMOV,True
SANOFI,True
SANOFICONR,True
SANSERA,True
SANSTAR,True
SAPPHIRE,True
SAPPL,True
SARDAEN,True
SAREGAMA,True
SARLAPOLY,True
SASKEN,True
SATIA,True
SATIN,True
SAURASHCEM,True
SAYAJIHOTL,True
SBC,True
SBCL,True
SBFC,True
SBGLP,True
SBIBPB,True
SBICARD,True
SBILIFE,True
SBIMIDMOM,True
SBIN,True
SBINMID150,True
SCANSTL,True
SCHAEFFLER,True
SCHAND,True
SCI,True
SCILAL,True
SCODATUBES,True
SDBL,True
SEAMECLTD,True
SEDEMAC,True
SEIL,True
SELECTIPO,True
SELMC,True
SEMAC,True
SENCO,True
SENORES,True
SENSEXADD,True
SENSEXBETA,True
SEPC,True
SERVOTECH,True
SESHAPAPER,True
SETL,True
SFL,True
SGFIN,True
SGIL,True
SGL,True
SGMART,True
SHADOWFAX,True
SHAH,True
SHAHALLOYS,True
SHAILY,True
SHAKTIPUMP,True
SHALBY,True
SHALPAINTS,True
SHANTI,True
SHANTIGEAR,True
SHARDACROP,True
SHARDAMOTR,True
SHARDUL,True
SHAREINDIA,True
SHARIABEES,True
SHBAJRG,True
SHEMAROO,True
SHILCTECH,True
SHILPAMED,True
SHINDL,True
SHIVALIK,True
SHIVAMILLS,True
SHIVATEX,True
SHK,True
SHOPERSTOP,True
SHRADHA,True
SHREDIGCEM,True
SHREECEM,True
SHREEJISPG,True
SHREEPUSHK,True
SHREERAMA,True
SHREYANIND,True
SHRIKRISH,True
SHRINGARMS,True
SHRIPISTON,True
SHRIRAMFIN,True
SHRIRAMPPS,True
SHYAMCENT,True
SHYAMMETL,True
SICAGEN,True
SIEMENS,True
SIGIND,True
SIGMA,True
SIGNATURE,True
SIGNPOST,True
SIKA,True
SIKKO,True
SIL,True
SILGO,True
SILINV,True
SILLYMONKS,True
SIMPLEXINF,True
SINCLAIR,True
SINDHUTRAD,True
SINGERIND,True
SINTERCOM,True
SIRCA,True
SIS,True
SIYSIL,True
SJS,True
SJVN,True
SKFINDIA,True
SKFINDUS,True
SKIPPER,True
SKMEGGPROD,True
SMALL250,True
SMALLADD,True
SMALLCAP,True
SMARTLINK,True
SMARTWORKS,True
SMCGLOBAL,True
SML100CASE,True
SMLMAH,True
SMLT,True
SMSPHARMA,True
SNOWMAN,True
SNXT30BEES,True
SNXT50BETA,True
SOBHA,True
SOLARA,True
SOLARINDS,True
SOLARWORLD,True
SOLEX,True
SOMANYCERA,True
SOMATEX,True
SOMICONVEY,True
SONACOMS,True
SONAL,True
SONAMLTD,True
SONATSOFTW,True
SOTL,True
SOUTHBANK,True
SOUTHWEST,True
SPAL,True
SPANDANA,True
SPARC,True
SPCENET,True
SPECIALITY,True
SPECTRUM,True
SPENCERS,True
SPIC,True
SPLIL,True
SPLPETRO,True
SPMLINFRA,True
SPORTKING,True
SRD,True
SREEL,True
SRF,True
SRGHFL,True
SRHHYPOLTD,True
SRM,True
SRTL,True
SSDL,True
SSWL,True
STALLION,True
STANLEY,True
STAR,True
STARCEMENT,True
STARHEALTH,True
STARPAPER,True
STARTECK,True
STCINDIA,True
STEELCAS,True
STEELCITY,True
STEELXIND,True
STEL,True
STERTOOLS,True
STLNETWORK,True
STLTECH,True
STOVEKRAFT,True
STUDDS,True
STYL,True
STYLAMIND,True
STYLEBAAZA,True
STYRENIX,True
SUBEXLTD,True
SUBROS,True
SUDARCOLOR,True
SUDARSCHEM,True
SUDEEPPHRM,True
SUKHJITS,True
SULA,True
SUMEETINDS,True
SUMICHEM,True
SUMMITSEC,True
SUNCLAY,True
SUNDARAM,True
SUNDARMFIN,True
SUNDRMBRAK,True
SUNDRMFAST,True
SUNDROP,True
SUNFLAG,True
SUNPHARMA,True
SUNTECK,True
SUNTV,True
SUPERHOUSE,True
SUPERSPIN,True
SUPRAJIT,True
SUPREME,True
SUPREMEIND,True
SUPRIYA,True
SURAJEST,True
SURAJLTD,True
SURAKSHA,True
SURANASOL,True
SURANAT&P,True
SURYALA,True
SURYALAXMI,True
SURYAROSNI,True
SURYODAY,True
SUTLEJTEX,True
SUVEN,True
SUYOG,True
SUZLON,True
SVLL,True
SVPGLOB,True
SWANCORP,True
SWARAJENG,True
SWELECTES,True
SWIGGY,True
SWSOLAR,True
SYMPHONY,True
SYNCOMF,True
SYNGENE,True
SYRMA,True
SYSTMTXC,True
TAALTECH,True
TAINWALCHM,True
TAJGVK,True
TALBROAUTO,True
TAMBOLIIN,True
TANLA,True
TARACHAND,True
TARAPUR,True
TARC,True
TARIL,True
TARSONS,True
TASTYBITE,True
TATACAP,True
TATACHEM,True
TATACOMM,True
TATACONSUM,True
TATAELXSI,True
TATAINVEST,True
TATAPOWER,True
TATASTEEL,True
TATATECH,True
TATSILV,True
TATVA,True
TBOTEK,True
TBZ,True
TCC,True
TCI,True
TCIEXP,True
TCIFINANCE,True
TCPLPACK,True
TCS,True
TDPOWERSYS,True
TEAMGTY,True
TEAMLEASE,True
TECH,True
TECHM,True
TECHNOE,True
TECHNVISN,True
TECILCHEM,True
TEGA,True
TEJASNET,True
TEMBO,True
TENNIND,True
TERASOFT,True
TEXINFRA,True
TEXMOPIPES,True
TEXRAIL,True
TFCILTD,True
TFL,True
TGBHOTELS,True
THACKER,True
THAKDEV,True
THANGAMAYL,True
THEINVEST,True
THEJO,True
THELEELA,True
THEMISMED,True
THERMAX,True
THOMASCOOK,True
THOMASCOTT,True
THYROCARE,True
TI,True
TICL,True
TIGERLOGS,True
TIIL,True
TIINDIA,True
TIL,True
TIMETECHNO,True
TIMEX,True
TIMKEN,True
TINNARUBR,True
TIPSFILMS,True
TIPSMUSIC,True
TIRUMALCHM,True
TITAGARH,True
TITAN,True
TMB,True
TMCV,True
TMPV,True
TNPETRO,True
TNPL,True
TNTELE,True
TOLINS,True
TOP100CASE,True
TOP10ADD,True
TOP20,True
TORNTPHARM,True
TORNTPOWER,True
TOTAL,True
TOUCHWOOD,True
TPHQ,True
TPLPLASTEH,True
TRACXN,True
TRANSPEK,True
TRANSRAILL,True
TRANSWORLD,True
TRAVELFOOD,True
TREJHARA,True
TREL,True
TRENT,True
TRF,True
TRIDENT,True
TRIGYN,True
TRITURBINE,True
TRIVENI,True
TRU,True
TRUALT,True
TSFINV,True
TTKHLTCARE,True
TTKPRESTIG,True
TTML,True
TVSELECT,True
TVSHLTD,True
TVSMOTOR,True
TVSSRICHAK,True
TVTODAY,True
TVVISION,True
UBL,True
UCAL,True
UCOBANK,True
UDS,True
UEL,True
UFBL,True
UFLEX,True
UFO,True
UGARSUGAR,True
UGROCAP,True
UJJIVANSFB,True
ULTRACEMCO,True
ULTRAMAR,True
UMIYA-MRO,True
UNICHEMLAB,True
UNIDT,True
UNIECOM,True
UNIENTER,True
UNIMECH,True
UNIONBANK,True
UNIPARTS,True
UNITDSPR,True
UNITECH,True
UNITEDPOLY,True
UNITEDTEA,True
UNIVASTU,True
UNIVCABLES,True
UNOMINDA,True
UPL,True
URBANCO,True
URJA,True
USHAMART,True
UTIAMC,True
UTKARSHBNK,True
UTLSOLAR,True
UTTAMSUGAR,True
UYFINCORP,True
V2RETAIL,True
VADILALIND,True
VAIBHAVGBL,True
VAKRANGEE,True
VALIANTORG,True
VALUE,True
VARDHACRLC,True
VARROC,True
VASCONEQ,True
VASWANI,True
VBL,True
VCL,True
VEDL,True
VEEDOL,True
VELJAN,True
VENKEYS,True
VENTIVE,True
VENUSPIPES,True
VENUSREM,True
VERANDA,True
VERTOZ,True
VESUVIUS,True
VETO,True
VGL,True
VGUARD,True
VHL,True
VIDHIING,True
VIDYAWIRES,True
VIJAYA,True
VIKRAMSOLR,True
VIKRAN,True
VIMTALABS,True
VINATIORGA,True
VINCOFE,True
VINDHYATEL,True
VINNY,True
VINYLINDIA,True
VIPCLOTHNG,True
VIPIND,True
VISAKAIND,True
VISASTEEL,True
VISHNU,True
VIVIDHA,True
VIYASH,True
VLSFINANCE,True
VMART,True
VMM,True
VMSTMT,True
VOLTAMP,True
VOLTAS,True
VRAJ,True
VRLLOG,True
VSSL,True
VSTIND,True
VSTL,True
VSTTILLERS,True
VTL,True
WAAREEENER,True
WAAREERTL,True
WABAG,True
WAKEFIT,True
WALCHANNAG,True
WCIL,True
WEALTH,True
WEBELSOLAR,True
WEIZMANIND,True
WEL,True
WELCORP,True
WELENT,True
WELINV,True
WELSPLSOL,True
WELSPUNLIV,True
WENDT,True
WESTLIFE,True
WEWIN,True
WEWORK,True
WHEELS,True
WHIRLPOOL,True
WILLAMAGOR,True
WIMPLAST,True
WINDLAS,True
WINDMACHIN,True
WIPL,True
WIPRO,True
WOCKPHARMA,True
WONDERLA,True
WORTHPERI,True
WPIL,True
WSI,True
WSTCSTPAPR,True
XCHANGING,True
XELPMOC,True
XPROINDIA,True
XTGLOBAL,True
YASHO,True
YATHARTH,True
YATRA,True
YESBANK,True
YUKEN,True
ZAGGLE,True
ZEEL,True
ZEELEARN,True
ZENITHEXPO,True
ZENITHSTL,True
ZENSARTECH,True
ZENTEC,True
ZFCVINDIA,True
ZFSTEERING,True
ZIMLAB,True
ZODIACLOTH,True
ZOTA,True
ZSARACOM,True
ZUARI,True
ZUARIIND,True
ZYDUSLIFE,True
ZYDUSWELL,True
